SampleID,SampleNumber
C0621_1E_1A,FE01063
C0404_3E_1A,FE01064
C0403_3E_1A,FE01065
C0634_1E_2A,FE01066
C0159_5E_1A,FE01067
C0337_3E_1A,FE01068
C0641_1E_1A,FE01069
C0635_1E_1A,FE01070
C0016_3E_1A,FE01071
C0017_2E_1A,FE01072
C0631_1E_1A,FE01073
C0638_1E_1A,FE01074
C0648_1E_1A,FE01075
C0643_1E_1A,FE01076
C0636_1E_1A,FE01077
C0254_5E_1A,FE01078
M0651_1E_1A,FE01079
M0644_1E_1A,FE01080
M0652_1E_1A,FE01081
C0633_1E_1A,FE01082
C0634_1E_1A,FE01083
C0655_1E_1A,FE01084
C0196_5E_1A,FE01085
C0194_4E_1A,FE01086
C0642_1E_1A,FE01087
C0661_1E_1A,FE01088
C0620_1E_1A,FE01089
M0663_1E_1A,FE01090
C0639_1E_1A,FE01091
M0662_1E_1A,FE01092
M0647_1E_1A,FE01093
C0624_1E_1A,FE01094
C0660_1E_1A,FE01095
C0686_1E_1A,FE01096
C0683_1E_1A,FE01097
M0647_2E_1A,FE01098
C0107_4E_1A,FE01099
M0676_1E_1A,FE01100
C0673_1E_1A,FE01101
C0202_6E_1A,FE01102
M0682_1E_1A,FE01103
M0685_1E_1A,FE01104
C0597_2E_1A,FE01105
C0106_6E_1A,FE01105
C0679_1E_1A,FE01106
M0705_1E_1A,FE01107
M0714_1E_1A,FE01108
C0237_4E_1A,FE01109
M0662_2E_1A,FE01110
C0688_1E_1A,FE01111
M0680_2E_1A,FE01112
M0715_1E_1A,FE01113
C0694_1E_1A,FE01114
M0713_1E_1A,FE01115
M0716_1E_1A,FE01116
M0711_1E_1A,FE01117
C0123_3E_1A,FE01118
C0623_1E_1A,FE01119
C2014_2E_1A,FE01120
C0058_4E_1A,FE01121
M0718_1E_1A,FE01122
M0723_1E_1A,FE01123
C0059_4E_1A,FE01124
M0685_2E_1A,FE01125
C0672_1E_1A,FE01126
C0730_1E_1A,FE01127
C0735_1E_1A,FE01128
C2002_3E_1A,FE01129
M0749_1E_1A,FE01130
C0725_1E_1A,FE01131
M0754_1E_1A,FE01132
M0652_3E_1A,FE01133
M0757_1E_1A,FE01134
M0644_3E_1A,FE01135
M0753_1E_1A,FE01136
M0774_1E_1A,FE01137
C0047_7E_1A,FE01138
C0767_1E_1A,FE01139
M0715_2E_1A,FE01140
M0765_1E_1A,FE01141
M0662_3E_1A,FE01142
M0742_2E_1A,FE01143
M0713_2E_1A,FE01144
C0743_1E_1A,FE01145
M0745_2E_1A,FE01146
M0711_2E_1A,FE01147
C0724_1E_1A,FE01148
M0792_1E_1A,FE01149
M0791_1E_1A,FE01150
M0790_1E_1A,FE01151
M0700_3E_1A,FE01152
C0788_1E_1A,FE01153
C0789_1E_1A,FE01154
C0784_1E_1A,FE01155
C0785_1E_1A,FE01156
M0752_2E_1A,FE01157
M0651_2E_1A,FE01158
M0742_2E_2A,FE01159
C0768_1E_1A,FE01160
M0774_2E_1A,FE01161
C0799_1E_1A,FE01162
M0801_1E_1A,FE01163
C0811_1E_1A,FE01164
M0805_1E_1A,FE01165
M0808_1E_1A,FE01166
C0332_4E_1A,FE01167
C0052_7E_1A,FE01168
C0053_8E_1A,FE01169
M0794_1E_1A,FE01170
M0804_1E_1A,FE01171
M0824_1E_1A,FE01172
M0770_2E_1A,FE01173
M0776_2E_1A,FE01174
M0753_2E_1A,FE01175
M0749_2E_1A,FE01176
C0126_9E_1A,FE01177
C0127_7E_1A,FE01178
C0825_1E_1A,FE01179
C0286_6E_1A,FE01180
C0296_6E_1A,FE01181
C0494_2E_1A,FE01182
M0834_1E_1A,FE01183
M0713_3E_1A,FE01184
C2018_3E_1A,FE01185
M0828_1E_1A,FE01186
M0822_1E_1A,FE01187
C0469_2E_1A,FE01188
C0837_1E_1A,FE01189
M0844_1E_1A,FE01190
M0769_2E_1A,FE01191
C0111_6E_1A,FE01192
C0110_7E_1A,FE01193
C0826_1E_1A,FE01194
C0827_1E_1A,FE01195
M0780_2E_1A,FE01196
C0076_8E_1A,FE01197
C0814_1E_1A,FE01198
M0839_1E_1A,FE01199
C0812_1E_1A,FE01200
C0385_4E_1A,FE01201
M0843_1E_1A,FE01202
C0477_3E_1A,FE01203
M0790_2E_1A,FE01204
M0849_1E_1A,FE01205
C0240_4E_1A,FE01206
C0518_2E_1A,FE01207
M0765_2E_1A,FE01208
C0249_4E_1A,FE01209
M0803_2E_1A,FE01210
C0078_3E_1A,FE01211
M0863_1E_1A,FE01212
M0847_1E_1A,FE01213
C0117_5E_1A,FE01214
C0747_1E_1A,FE01215
C0859_1E_1A,FE01216
M0752_3E_1A,FE01217
C0595_2E_1A,FE01218
M0851_1E_1A,FE01219
M0824_2E_1A,FE01220
M0804_2E_1A,FE01221
C0860_1E_1A,FE01222
C0853_1E_1A,FE01223
C0856_1E_1A,FE01224
C0830_1E_1A,FE01225
C0082_5E_1A,FE01226
C0067_7E_1A,FE01227
C0493_2E_1A,FE01228
M0776_3E_1A,FE01229
C0089_3E_1A,FE01230
M0769_3E_1A,FE01231
M0809_2E_1A,FE01232
M0858_1E_1A,FE01233
C0798_1E_1A,FE01234
C0005_3E_1A,FE01235
C0872_1E_1A,FE01236
C0871_1E_1A,FE01237
C0200_2E_2A,FE01238
C0511_2E_1A,FE01239
C0200_2E_1A,FE01240
C0405_6E_1A,FE01241
M0794_2E_1A,FE01242
M0886_1E_1A,FE01243
C0421_6E_1A,FE01244
C0879_1E_1A,FE01245
M0880_1E_1A,FE01246
M0870_1E_1A,FE01247
M0889_1E_1A,FE01248
M0891_1E_1A,FE01249
C0516_2E_1A,FE01250
M0753_3E_1A,FE01251
M0780_3E_1A,FE01252
M0780_3E_2A,FE01252
C0861_1E_1A,FE01253
M0896_1E_1A,FE01254
M0893_1E_1A,FE01255
C0852_1E_1A,FE01256
M0883_1E_1A,FE01257
C0530_2E_1A,FE01258
M0900_1E_1A,FE01259
C0802_1E_1A,FE01260
C0537_2E_1A,FE01261
M0790_3E_1A,FE01262
M0908_1E_1A,FE01263
M0884_2E_1A,FE01264
M0863_2E_1A,FE01265
M0867_2E_1A,FE01266
C0723_3E_1A,FE01267
C0479_4E_1A,FE01268
C0754_2E_1A,FE01269
M0839_3E_1A,FE01270
M0913_1E_1A,FE01271
M0880_2E_1A,FE01272
C0277_2E_1A,FE01273
M0882_2E_1A,FE01274
C0887_1E_1A,FE01275
M0928_1E_1A,FE01276
C0925_1E_1A,FE01277
M0847_2E_1A,FE01278
C0426_5E_1A,FE01279
C0930_1E_1A,FE01280
M0854_2E_1A,FE01281
M0881_2E_1A,FE01282
C0652_4E_1A,FE01283
C0512_2E_1A,FE01284
M0907_2E_1A,FE01285
C0506_2E_1A,FE01286
C0505_2E_1A,FE01287
C0524_3E_1A,FE01288
C0547_2E_1A,FE01289
C0124_3E_1A,FE01290
C0556_2E_1A,FE01291
C0672_2E_1A,FE01292
M0915_1E_1A,FE01293
M0932_1E_1A,FE01294
M0855_1E_1A,FE01296
M0901_2E_1A,FE01297
M0883_2E_1A,FE01298
M0888_2E_1A,FE01299
M0892_2E_1A,FE01300
M0929_1E_1A,FE01301
M0926_1E_1A,FE01302
C0062_7E_1A,FE01303
M0918_2E_1A,FE01304
M0904_2E_1A,FE01305
M0927_2E_1A,FE01306
M0893_2E_1A,FE01307
C0460_4E_1A,FE01308
M0896_2E_1A,FE01309
C0920_1E_1A,FE01310
C0921_1E_1A,FE01311
C0649_2E_1A,FE01313
C0684_4E_1A,FE01314
C0253_7E_1A,FE01315
C0252_7E_1A,FE01316
M0908_2E_1A,FE01317
C0557_1E_1A,FE01318
M0886_2E_1A,FE01319
M0958_1E_1A,FE01320
M0870_3E_1A,FE01321
M0910_2E_1A,FE01322
M0914_2E_1A,FE01323
C0325_5E_1A,FE01324
C0043_8E_1A,FE01325
M0917_2E_1A,FE01326
M0964_1E_1A,FE01327
C0692_3E_1A,FE01328
M0863_3E_1A,FE01329
M0880_2E_2A,FE01330
M0884_3E_1A,FE01331
C0495_2E_1A,FE01332
C0699_4E_1A,FE01333
M0971_1E_1A,FE01334
C0682_3E_1A,FE01335
M0947_1E_1A,FE01336
C0902_1E_1A,FE01337
C0526_2E_1A,FE01338
M0864_3E_1A,FE01339
C0711_4E_1A,FE01340
C0576_2E_1A,FE01341
C0575_2E_1A,FE01342
M0894_2E_1A,FE01343
C0654_2E_1A,FE01344
M0890_3E_1A,FE01345
M0926_2E_1A,FE01346
M0922_2E_1A,FE01347
M0934_2E_1A,FE01348
M0973_1E_1A,FE01349
C0742_3E_1A,FE01350
M0932_2E_1A,FE01351
C0647_4E_1A,FE01352
C0633_2E_1A,FE01353
M0892_3E_1A,FE01354
M0919_2E_1A,FE01355
M0996_1E_1A,FE01356
M0960_1E_1A,FE01357
C0703_4E_1A,FE01358
M0989_1E_1A,FE01359
M0881_3E_1A,FE01360
M0883_3E_1A,FE01361
C0661_2E_1A,FE01362
M0998_1E_1A,FE01363
C0541_2E_1A,FE01364
M0891_3E_2A,FE01365
M0891_3E_1A,FE01366
M1008_1E_1A,FE01367
C0739_2E_1A,FE01368
M0999_1E_1A,FE01369
C0713_4E_1A,FE01370
C0571_2E_1A,FE01371
M1007_1E_1A,FE01372
C2014_3E_1A,FE01373
M0913_2E_1A,FE01374
M0948_2E_1A,FE01375
M0888_3E_1A,FE01376
M1016_1E_1A,FE01377
M0950_2E_1A,FE01378
M0947_2E_1A,FE01379
C1034_1E_1A,FE01380
M1027_1E_1A,FE01381
M0980_2E_1A,FE01382
C0402_3E_1A,FE01383
M0886_3E_1A,FE01384
C0752_4E_1A,FE01385
M1015_1E_1A,FE01386
C0744_4E_1A,FE01387
C0348_3E_1A,FE01388
C0192_4E_1A,FE01389
C0175_2E_1A,FE01390
C0674_3E_1A,FE01391
M0896_3E_1A,FE01392
M0918_3E_1A,FE01393
M1028_1E_1A,FE01394
C0754_3E_1A,FE01395
M0958_2E_1A,FE01396
M1005_2E_1A,FE01397
M0961_2E_1A,FE01398
C0539_2E_1A,FE01399
C0603_4E_1A,FE01401
M1046_1E_1A,FE01402
C0229_5E_1A,FE01403
C0643_2E_1A,FE01404
C0550_3E_1A,FE01405
M0973_2E_1A,FE01406
C1009_1E_1A,FE01407
M1008_2E_1A,FE01408
M1037_2E_1A,FE01409
C0660_2E_1A,FE01410
M0961_3E_1A,FE01411
M0996_2E_1A,FE01412
M0958_3E_1A,FE01413
M1047_2E_1A,FE01414
M1066_1E_1A,FE01415
M1068_1E_1A,FE01416
M1065_1E_1A,FE01417
M1015_2E_1A,FE01418
M1056_1E_1A,FE01419
M0984_2E_1A,FE01420
M1060_1E_1A,FE01421
C0711_5E_1A,FE01422
M1064_1E_1A,FE01423
M1074_1E_1A,FE01424
C0834_4E_1A,FE01425
M1061_2E_1A,FE01426
M1086_1E_1A,FE01427
M1056_2E_1A,FE01428
C0692_4E_1A,FE01429
C0851_4E_1A,FE01430
M1079_1E_1A,FE01431
C0788_2E_1A,FE01432
C0828_4E_1A,FE01433
C0789_2E_1A,FE01434
M1064_2E_1A,FE01435
M0973_3E_1A,FE01436
M1115_1E_1A,FE01437
M1087_1E_1A,FE01438
M1095_1E_1A,FE01439
M1082_1E_1A,FE01440
C0839_4E_1A,FE01441
C1062_3E_1A,FE01442
C0936_1E_1A,FE01443
C0461_4E_1A,FE01444
M1057_1E_1A,FE01445
M1059_1E_1A,FE01446
M1110_1E_1A,FE01447
C2029_4E_1A,FE01448
M1083_1E_1A,FE01449
M1008_3E_1A,FE01450
C0388_7E_1A,FE01451
M1096_1E_1A,FE01452
M1088_1E_1A,FE01453
M1078_1E_1A,FE01454
M1022_2E_1A,FE01455
C1089_1E_1A,FE01456
C1075_1E_1A,FE01457
M1109_1E_1A,FE01458
C1102_1E_1A,FE01459
C1026_1E_1A,FE01460
C2018_4E_1A,FE01461
M1113_1E_1A,FE01462
C1090_1E_1A,FE01463
M1067_1E_1A,FE01464
M1116_1E_1A,FE01465
C0698_2E_1A,FE01466
C0634_3E_1A,FE01467
C0661_3E_1A,FE01468
C0672_3E_1A,FE01469
M1124_1E_1A,FE01470
M1097_1E_1A,FE01471
C0586_2E_1A,FE01472
M1096_2E_1A,FE01473
M1058_2E_1A,FE01474
C0514_2E_1A,FE01475
M1086_2E_1A,FE01476
C0642_2E_1A,FE01477
C0915_3E_1A,FE01478
C0537_3E_1A,FE01479
M1050_1E_1A,FE01480
M1142_1E_1A,FE01481
C0871_2E_1A,FE01482
C1136_1E_1A,FE01483
M1147_1E_1A,FE01484
M1066_2E_1A,FE01485
M1087_2E_1A,FE01486
C0880_4E_1A,FE01487
M1170_1E_1A,FE01488
C0202_7E_1A,FE01489
M1140_1E_1A,FE01490
M1091_1E_1A,FE01491
M1060_2E_1A,FE01492
M1145_1E_1A,FE01493
M1150_1E_1A,FE01494
M1082_2E_1A,FE01495
M1043_3E_1A,FE01496
C0879_2E_1A,FE01497
M1103_2E_1A,FE01498
C0932_3E_1A,FE01499
M1118_1E_1A,FE01500
C1171_1E_1A,FE01501
M1160_1E_1A,FE01502
C0855_4E_1A,FE01503
C0456_4E_1A,FE01504
M1061_3E_1A,FE01505
M1153_1E_1A,FE01506
M1099_2E_1A,FE01507
M1167_1E_1A,FE01508
C0524_4E_1A,FE01509
C0769_5E_1A,FE01510
C0259_3E_1A,FE01511
C0200_3E_1A,FE01512
M1056_3E_1A,FE01513
M1161_1E_1A,FE01514
M1162_1E_1A,FE01515
M1113_2E_1A,FE01516
M1105_2E_1A,FE01517
C0863_4E_1A,FE01518
M1142_2E_1A,FE01519
M1068_2E_1A,FE01520
M1064_3E_1A,FE01521
C0920_2E_1A,FE01522
M1137_2E_1A,FE01523
M1183_1E_1A,FE01524
C0958_4E_1A,FE01525
C0921_2E_1A,FE01526
M1067_2E_1A,FE01527
C0631_2E_1A,FE01528
C0016_4E_1A,FE01529
C0017_3E_1A,FE01530
M1083_2E_1A,FE01531
C1144_1E_1A,FE01532
M1055_3E_1A,FE01533
M1126_2E_1A,FE01534
M1143_2E_1A,FE01535
M1189_1E_1A,FE01536
M1159_1E_1A,FE01537
M1129_2E_1A,FE01538
M1050_3E_1A,FE01539
M1135_2E_1A,FE01540
C0888_4E_1A,FE01541
M1109_2E_1A,FE01542
M1202_1E_1A,FE01543
M1124_2E_1A,FE01544
M1186_1E_1A,FE01545
M1170_2E_1A,FE01546
M1065_3E_1A,FE01547
M1176_1E_1A,FE01548
M1146_2E_1A,FE01549
M1058_3E_1A,FE01550
M1110_2E_1A,FE01551
M1200_1E_1A,FE01552
M1157_2E_1A,FE01553
M1088_2E_1A,FE01554
M1194_1E_1A,FE01555
M1208_1E_1A,FE01556
M1086_3E_1A,FE01558
M1197_1E_1A,FE01559
M1210_1E_1A,FE01560
M1175_1E_1A,FE01561
M1115_2E_1A,FE01562
M1155_2E_1A,FE01563
M1096_3E_1A,FE01564
M1211_1E_1A,FE01565
C0909_4E_1A,FE01566
M1066_3E_1A,FE01567
M1161_2E_1A,FE01568
C0240_5E_1A,FE01569
C0730_2E_1A,FE01570
M1147_2E_1A,FE01571
C0908_4E_1A,FE01572
M1169_2E_1A,FE01573
M1166_2E_1A,FE01574
M1162_2E_1A,FE01575
M1201_1E_1A,FE01576
M1172_2E_1A,FE01577
M1095_3E_1A,FE01578
M1220_1E_1A,FE01579
M1103_3E_1A,FE01580
C0891_4E_1A,FE01581
C1037_4E_1A,FE01582
C0839_5E_1A,FE01583
C0308_6E_1A,FE01584
C0307_5E_1A,FE01585
C0794_4E_1A,FE01586
M1115_3E_1A,FE01587
M1105_3E_1A,FE01588
M1198_2E_1A,FE01589
M1142_3E_1A,FE01590
M1200_2E_1A,FE01591
M1195_2E_1A,FE01592
M1150_2E_1A,FE01593
C0767_2E_1A,FE01594
M1180_2E_1A,FE01595
C1217_1E_1A,FE01596
C0723_4E_1A,FE01597
M1159_2E_1A,FE01598
C1228_1E_1A,FE01599
M1129_3E_1A,FE01600
M1227_1E_1A,FE01601
M1177_2E_1A,FE01602
M1176_2E_1A,FE01603
M1199_2E_1A,FE01604
M1183_2E_1A,FE01605
M1226_1E_1A,FE01606
C0754_4E_1A,FE01607
M1126_3E_1A,FE01608
M1137_3E_1A,FE01609
M1205_2E_1A,FE01610
C0567_3E_1A,FE01611
M1170_3E_1A,FE01612
C0861_2E_1A,FE01613
M1139_3E_1A,FE01614
M1188_2E_1A,FE01615
C0511_3E_1A,FE01616
M1162_3E_1A,FE01617
M1143_3E_1A,FE01618
M1213_2E_1A,FE01619
C1238_1E_1A,FE01620
C1243_1E_1A,FE01621
M1148_3E_1A,FE01622
C1223_1E_1A,FE01623
C0174_3E_1A,FE01624
C0158_6E_1A,FE01625
C0157_6E_1A,FE01626
M1247_1E_1A,FE01627
C0864_5E_1A,FE01628
C0961_4E_1A,FE01629
M1186_2E_1A,FE01630
C1007_3E_1A,FE01631
C0557_2E_1A,FE01632
M1234_1E_1A,FE01633
C0788_3E_1A,FE01635
C0789_3E_1A,FE01636
M1155_3E_1A,FE01637
M1159_3E_1A,FE01638
M1109_3E_1A,FE01639
C0061_8E_1A,FE01640
C0062_8E_1A,FE01641
C0556_3E_1A,FE01642
C0190_3E_1A,FE01643
C0191_3E_1A,FE01644
C0271_5E_1A,FE01645
C1059_3E_1A,FE01646
C0390_2E_1A,FE01647
M1221_2E_1A,FE01648
M1252_1E_1A,FE01649
C0071_8E_1A,FE01650
M1147_3E_1A,FE01651
C0784_2E_1A,FE01652
M1207_2E_1A,FE01653
M1220_2E_1A,FE01654
C0886_4E_1A,FE01655
C0564_2E_1A,FE01656
C1068_3E_1A,FE01657
M1245_1E_1A,FE01658
C0915_4E_1A,FE01659
C0932_4E_1A,FE01660
M1246_1E_1A,FE01661
M1180_3E_1A,FE01662
C0477_5E_1A,FE01663
M1216_2E_1A,FE01664
M1179_3E_1A,FE01665
M1232_1E_1A,FE01666
C0550_4E_1A,FE01667
M1181_3E_1A,FE01668
M1211_2E_1A,FE01669
M1261_1E_1A,FE01670
C1008_4E_1A,FE01671
M1240_1E_1A,FE01672
C0914_5E_1A,FE01673
M1195_3E_1A,FE01674
M0974_1E_1A,FE01675
M1200_3E_1A,FE01676
C0753_4E_1A,FE01677
C0603_6E_1A,FE01678
C0127_8E_1A,FE01680
C0904_5E_1A,FE01681
M1229_2E_1A,FE01682
C0612_2E_1A,FE01683
M1218_2E_1A,FE01684
M1219_2E_1A,FE01685
C0536_1E_1A,FE01686
M1263_1E_1A,FE01687
M1268_1E_1A,FE01688
C0665_2E_1A,FE01689
M1237_2E_1A,FE01690
C1087_3E_1A,FE01691
C0676_3E_1A,FE01692
M1254_2E_1A,FE01693
C0029_6E_1A,FE01694
C0535_2E_1A,FE01695
M1205_3E_1A,FE01696
M1274_1E_1A,FE01697
M1276_1E_1A,FE01698
C1099_3E_1A,FE01699
C1060_3E_1A,FE01700
C1090_2E_1A,FE01701
C1160_3E_1A,FE01702
C0443_4E_1A,FE01703
C0830_2E_1A,FE01704
C0124_4E_1A,FE01705
M1287_1E_1A,FE01706
M1186_3E_1A,FE01707
C0323_3E_1A,FE01708
C0324_3E_1A,FE01709
C0055_3E_1A,FE01710
M1211_3E_1A,FE01711
M1226_2E_1A,FE01712
M1234_2E_1A,FE01713
M1176_3E_1A,FE01715
C0047_8E_1A,FE01716
C1015_3E_1A,FE01717
M1273_1E_1A,FE01718
M1202_3E_1A,FE01719
M1232_2E_1A,FE01720
C0312_8E_1A,FE01721
C0161_7E_1A,FE01722
M1240_2E_1A,FE01723
M1208_3E_1A,FE01724
M1177_3E_1A,FE01726
C2018_5E_1A,FE01727
C0248_3E_1A,FE01728
M1221_3E_1A,FE01729
M1234_3E_1A,FE01730
C0385_5E_1A,FE01732
M1271_1E_1A,FE01733
M1281_1E_1A,FE01734
C0231_3E_1A,FE01735
C0724_2E_1A,FE01736
C0725_2E_1A,FE01737
M0974_2E_1A,FE01738
M1207_3E_1A,FE01739
M1247_2E_1A,FE01740
C0405_7E_1A,FE01741
C0897_2E_1A,FE01742
M1275_1E_1A,FE01743
C0946_5E_1A,FE01744
C0742_5E_1A,FE01745
M1245_2E_1A,FE01746
M1262_2E_1A,FE01747
M1226_3E_1A,FE01748
C0792_4E_1A,FE01749
C0146_7E_1A,FE01750
M1279_1E_1A,FE01751
C1061_4E_1A,FE01752
M1266_2E_1A,FE01753
C0470_3E_1A,FE01754
M1229_3E_1A,FE01755
C0768_2E_1A,FE01756
C0785_2E_1A,FE01757
C0958_5E_1A,FE01758
C0932_7E_1A,FE01759
C0110_8E_1A,FE01760
C0111_7E_1A,FE01761
C0996_4E_1A,FE01762
M1300_1E_1A,FE01763
C0476_5E_1A,FE01764
M1272_2E_1A,FE01765
M1295_1E_1A,FE01766
C0479_5E_1A,FE01767
C0742_5E_2A,FE01768
M1232_3E_1A,FE01769
C0774_4E_1A,FE01770
C0711_6E_1A,FE01771
M1246_3E_1A,FE01772
C0744_6E_1A,FE01773
M1254_3E_1A,FE01774
M1271_2E_1A,FE01775
M1282_2E_1A,FE01776
M1312_1E_1A,FE01777
M1287_2E_1A,FE01778
C0577_3E_1A,FE01779
C0579_3E_1A,FE01780
C0578_3E_1A,FE01781
C1135_4E_1A,FE01782
C0524_5E_1A,FE01783
M1298_1E_1A,FE01784
M1275_2E_1A,FE01785
C0980_5E_1A,FE01787
M1283_2E_1A,FE01788
M1252_2E_1A,FE01789
C0516_3E_1A,FE01790
M1240_3E_1A,FE01791
M1262_3E_1A,FE01792
M1300_2E_1A,FE01793
M1286_2E_1A,FE01794
M1297_2E_1A,FE01795
C1219_3E_1A,FE01796
M1294_2E_1A,FE01797
M1266_3E_1A,FE01798
M1278_3E_1A,FE01799
C1115_4E_1A,FE01800
C1177_4E_1A,FE01801
M1307_2E_1A,FE01802
M1295_2E_1A,FE01803
C0117_6E_1A,FE01804
C1050_4E_1A,FE01805
M1278_2E_1A,FE01806
M1276_2E_1A,FE01807
C0871_3E_1A,FE01808
M1258_3E_1A,FE01809
C0879_3E_1A,FE01810
M1280_2E_1A,FE01811
C0661_4E_1A,FE01812
M1273_3E_1A,FE01813
M1301_3E_1A,FE01814
M1305_2E_1A,FE01815
C0194_5E_1A,FE01816
M1280_3E_1A,FE01817
C1109_4E_1A,FE01818
M1340_1E_1A,FE01822
M1314_2E_1A,FE01823
C1329_1E_1A,FE01824
C1328_1E_1A,FE01825
M1333_1E_1A,FE01826
C0547_3E_1A,FE01827
M1326_2E_1A,FE01828
C0596_3E_1A,FE01829
C0597_3E_1A,FE01830
M1316_2E_1A,FE01831
M1300_3E_1A,FE01832
M1318_2E_1A,FE01833
M1324_2E_1A,FE01834
C0923_4E_1A,FE01835
C0196_6E_1A,FE01836
C0369_4E_1A,FE01837
M1294_3E_1A,FE01838
C0188_7E_1A,FE01839
C0179_6E_1A,FE01840
C0189_7E_1A,FE01841
C0723_5E_1A,FE01842
C1172_4E_1A,FE01843
M1307_3E_1A,FE01844
M1339_1E_1A,FE01845
C0500_4E_1A,FE01846
C0873_2E_1A,FE01847
C0864_6E_1A,FE01848
C1167_4E_1A,FE01849
M1295_3E_1A,FE01850
M1336_2E_1A,FE01851
C1162_4E_1A,FE01852
M1322_2E_1A,FE01853
C1361_1E_1A,FE01854
M1330_2E_1A,FE01855
C0932_8E_1A,FE01856
C0043_9E_1A,FE01857
C0325_6E_1A,FE01858
C0459_4E_1A,FE01859
M1302_2E_1A,FE01860
M1279_2E_1A,FE01861
M1279_3E_1A,FE01862
M1280_3E_2A,FE01863
C0530_3E_1A,FE01864
C0556_4E_1A,FE01865
M1348_1E_1A,FE01866
C0863_5E_1A,FE01867
C1255_3E_1A,FE01868
M1344_1E_1A,FE01869
M1297_3E_1A,FE01870
M1325_2E_1A,FE01871
C1223_2E_1A,FE01872
C0893_4E_1A,FE01873
C0576_3E_1A,FE01874
C1195_4E_1A,FE01875
C0575_3E_1A,FE01876
M1362_1E_1A,FE01881
M1298_3E_1A,FE01882
C0495_3E_1A,FE01883
M1354_2E_1A,FE01884
C1068_8E_1A,FE01885
M1347_2E_1A,FE01886
M1312_3E_1A,FE01887
M1340_2E_1A,FE01888
M1363_1E_1A,FE01889
M1369_1E_1A,FE01890
M1316_3E_1A,FE01891
M1342_2E_1A,FE01892
C1155_4E_1A,FE01893
M1337_2E_1A,FE01894
C0494_3E_1A,FE01895
C0635_3E_1A,FE01896
C1159_4E_1A,FE01897
C0571_3E_1A,FE01898
M1314_3E_1A,FE01899
M1318_3E_1A,FE01900
M1322_3E_1A,FE01901
M1324_3E_1A,FE01902
C1273_4E_1A,FE01903
M1371_1E_1A,FE01904
C1215_4E_1A,FE01905
C0623_3E_1A,FE01906
C0492_7E_1A,FE01907
C0123_5E_1A,FE01908
C1365_1E_1A,FE01909
C1171_2E_1A,FE01910
M1359_2E_1A,FE01911
C1050_9E_1A,FE01912
M1336_3E_1A,FE01913
M1353_2E_1A,FE01914
M1367_2E_1A,FE01915
M1380_1E_1A,FE01916
M1333_3E_1A,FE01917
M1362_2E_1A,FE01918
C1220_4E_1A,FE01919
C1234_4E_1A,FE01920
C1244_4E_1A,FE01921
C1227_4E_1A,FE01922
C1280_4E_1A,FE01923
C1271_4E_1A,FE01924
C1135_5E_1A,FE01925
C1197_2E_1A,FE01926
C1378_1E_1A,FE01927
C1379_1E_1A,FE01928
C1339_3E_1A,FE01929
M1354_3E_1A,FE01930
M1348_3E_1A,FE01931
C1060_4E_1A,FE01932
C1007_4E_1A,FE01933
C0961_5E_1A,FE01934
C1168_4E_1A,FE01935
M1359_3E_1A,FE01936
C0420_7E_1A,FE01937
M1344_3E_1A,FE01938
C1209_4E_1A,FE01939
C1208_4E_1A,FE01940
M1372_2E_1A,FE01941
M1345_3E_1A,FE01942
C0402_4E_1A,FE01943
C1370_2E_1A,FE01944
M1398_1E_1A,FE01945
M1401_1E_1A,FE01946
C1207_4E_1A,FE01947
C1116_3E_1A,FE01948
M1363_2E_1A,FE01949
M1305_3E_1A,FE01950
M1352_1E_1A,FE01952
M1352_2E_1A,FE01953
M1352_3E_1A,FE01954
M1373_1E_1A,FE01955
M1340_3E_1A,FE01956
M1393_1E_1A,FE01957
C1068_10E_1A,FE01958
M1409_1E_1A,FE01959
M1369_2E_1A,FE01960
M1383_2E_1A,FE01961
M1397_1E_1A,FE01962
C1087_4E_1A,FE01963
C1104_4E_1A,FE01964
M1362_3E_1A,FE01965
C1258_4E_1A,FE01966
M1382_2E_1A,FE01967
M0514_3E_1A,FE01968
M1380_2E_1A,FE01969
C0061_9E_2A,FE01973
C1050_5E_1A,FE01976
C0859_2E_1A,FE01979
C0568_3E_1A,FE01981
C1237_4E_1A,FE01983
M1411_1E_1A,FE01985
C1104_5E_1A,FE01987
C1215_5E_1A,FE01989
C0202_8E_1A,FE01991
M1415_1E_1A,FE01993
C1326_4E_1A,FE01995
C0062_9E_1A,FE01997
C1271_5E_1A,FE01999
C1314_4E_1A,FE02002
C0398_2E_1A,FE02004
C0511_4E_1A,FE02006
C1414_1E_1A,FE02008
C0047_9E_1A,FE02012
C1345_4E_1A,FE02014
M1401_2E_1A,FE02016
C0730_3E_1A,FE02018
C1372_3E_1A,FE02020
C0569_3E_1A,FE02022
C1422_1E_1A,FE02024
C0586_3E_1A,FE02027
C1406_1E_1A,FE02029
C0126_11E_1A,FE02031
C0127_9E_1A,FE02033
C0061_9E_1A,FE02034
M1420_2E_1A,FE02036
C0341_4E_1A,FE02038
C0336_4E_1A,FE02040
C2018_6E_1A,FE02043
C0483_2E_1A,FE02045
C1428_1E_1A,FE02047
C0880_6E_1A,FE02050
C1427_1E_1A,FE02052
C1088_3E_1A,FE02054
M1429_1E_1A,FE02056
C0235_4E_1A,FE02058
C0830_3E_1A,FE02060
C0025_7E_1A,FE02062
C0066_9E_1A,FE02064
M1415_3E_1A,FE02067
C0201_7E_1A,FE02071
C1415_2E_1A,FE02073
C1440_1E_1A,FE02075
C1399_3E_1A,FE02077
C0194_6E_1A,FE02079
C0196_7E_1A,FE02081
C1398_3E_1A,FE02083
C0902_2E_1A,FE02085
M1445_1E_1A,FE02087
C1322_4E_1A,FE02089
C0654_4E_1A,FE02091
C0161_8E_1A,FE02093
C1421_1E_1A,FE02095
C0526_3E_1A,FE02098
M1419_3E_1A,FE02100
M1424_2E_1A,FE02102
C1136_2E_1A,FE02104
C0597_4E_1A,FE02108
C0596_4E_1A,FE02110
M1430_1E_1A,FE02112
C1431_1E_1A,FE02114
C0479_6E_1A,FE02116
C0861_3E_1A,FE02118
C1446_1E_1A,FE02120
C0660_3E_1A,FE02122
C0092_3E_1A,FE02124
C1344_4E_1A,FE02126
C0741_3E_1A,FE02128
C0312_9E_1A,FE02130
C0774_5E_1A,FE02132
M1438_1E_1A,FE02134
C0864_8E_1A,FE02136
C0131_5E_1A,FE02138
C0524_6E_1A,FE02140
C0055_4E_1A,FE02142
C0110_9E_1A,FE02144
C1218_5E_1A,FE02146
M1435_2E_1A,FE02148
C1246_5E_1A,FE02150
C0323_4E_1A,FE02152
M1439_1E_1A,FE02154
C1401_3E_1A,FE02156
C0385_6E_1A,FE02158
C1116_4E_1A,FE02160
C1411_3E_1A,FE02162
C0672_4E_1A,FE02164
C1060_5E_1A,FE02166
M1455_1E_1A,FE02168
C1447_1E_1A,FE02170
C1087_5E_1A,FE02172
C0557_3E_1A,FE02174
C0961_6E_1A,FE02176
C1009_3E_1A,FE02178
C0871_4E_1A,FE02184
C0872_3E_1A,FE02186
M1439_3E_1A,FE02188
C1207_5E_1A,FE02190
C1371_3E_1A,FE02192
M1452_1E_1A,FE02194
C0189_8E_1A,FE02196
C0188_8E_1A,FE02198
C1314_5E_1A,FE02200
M1452_2E_1A,FE02202
M1445_3E_1A,FE02204
C0879_4E_1A,FE02206
M1458_1E_1A,FE02208
M1454_2E_1A,FE02210
C1436_1E_1A,FE02212
M1460_1E_1A,FE02214
C1059_4E_1A,FE02216
C1355_4E_1A,FE02218
M1462_1E_1A,FE02220
C0200_4E_1A,FE02222
M1455_2E_1A,FE02224
C0634_6E_1A,FE02227
C1468_1E_1A,FE02229
C1386_4E_1A,FE02233
M1454_3E_1A,FE02235
C1422_2E_1A,FE02237
M1463_2E_1A,FE02239
C0887_3E_1A,FE02241
C1050_11E_1A,FE02243
M1460_2E_1A,FE02245
C0880_7E_1A,FE02247
M1452_3E_1A,FE02249
M1455_3E_1A,FE02251
M1465_2E_1A,FE02253
C1333_4E_1A,FE02255
C1469_1E_1A,FE02257
C1305_5E_1A,FE02259
C0108_5E_1A,FE02261
C0305_4E_1A,FE02263
M1462_2E_1A,FE02265
C0586_4E_1A,FE02267
C0798_3E_1A,FE02269
C0930_3E_1A,FE02271
C1432_3E_1A,FE02273
C0420_8E_1A,FE02275
C0514_4E_1A,FE02277
C0325_7E_1A,FE02280
C0043_10E_1A,FE02282
M1460_3E_1A,FE02285
C0744_9E_1A,FE02287
C1350_1E_1A,FE02289
C0271_6E_1A,FE02307
M1479_1E_1A,FE02309
M1465_3E_1A,FE02311
C0426_7E_1A,FE02324
C0539_4E_1A,FE02326
C0388_9E_1A,FE02328
M1480_1E_1A,FE02330
C0405_8E_1A,FE02332
C0569_4E_1A,FE02403
C0570_4E_1A,FE02405
C2014_6E_1A,FE02447
C0665_3E_1A,FE02449
C1436_2E_1A,FE02451
C0624_3E_1A,FE02453
C0202_10E_1A,FE02455
C0547_4E_1A,FE02457
C1439_4E_1A,FE02459
M1435_3E_1A,FE02460
M1486_1E_1A,FE02462
C0530_4E_1A,FE02464
M1479_2E_1A,FE02466
C1307_4E_1A,FE02468
M1462_3E_1A,FE02470
C0477_5E_1A,FE02472
C0500_6E_1A,FE02474
C1487_1E_1A,FE02476
C1188_7E_1A,FE02478
C0703_5E_1A,FE02480
C0369_5E_1A,FE02482
C1361_2E_1A,FE02484
C0047_10E_1A,FE02486
C0201_8E_1A,FE02488
C0812_3E_1A,FE02490
C0117_4F_1A,FG00004
C0117_4F_1B,FG00004
C0499_1F_1A,FG00005
C0499_1F_1B,FG00005
C0499_1F_2A,FG00006
C0062_6F_1A,FG00007
C0061_6F_1A,FG00008
C0067_6F_1A,FG00009
C0082_4F_1A,FG00010
C0507_1F_1A,FG00011
C0505_1F_1A,FG00012
C0506_1F_1A,FG00013
C0509_1F_1B,FG00014
C0511_1F_1A,FG00015
C0511_1F_2A,FG00016
C0511_1F_2B,FG00016
C0066_6F_1A,FG00017
C0066_6F_1B,FG00017
C0066_6F_2A,FG00018
C0240_3F_1A,FG00019
C0516_1F_1A,FG00020
C0516_1F_2A,FG00021
C0516_1F_2B,FG00021
C0476_3F_1A,FG00022
C0479_3F_1A,FG00023
C0229_4F_2A,FG00024
C0229_4F_1A,FG00025
C0521_1F_1A,FG00026
C0520_1F_1A,FG00027
C0539_1F_1A,FG00028
C0530_1F_1A,FG00029
C0544_1F_1A,FG00030
C0552_1F_1A,FG00031
C0541_1F_1A,FG00032
C0482_3F_1A,FG00033
C0202_4F_1A,FG00034
C0547_1F_1A,FG00035
C0119_3F_1A,FG00036
C0258_3F_1A,FG00037
C0568_1F_1A,FG00038
C0570_1F_1A,FG00039
C0569_1F_1A,FG00040
C0179_4F_1A,FG00041
C0188_5F_1A,FG00042
C0189_5F_1A,FG00043
C0554_1F_1A,FG00044
C0517_1F_1A,FG00045
C0586_1F_1A,FG00046
C0594_1F_1A,FG00047
C0595_1F_1A,FG00048
C0591_1F_1A,FG00049
C0364_2F_1A,FG00050
C0589_1F_1A,FG00051
C0590_1F_1A,FG00052
C0201_5F_1A,FG00053
C0583_1F_1A,FG00054
C0597_1F_1A,FG00055
C0596_1F_1A,FG00056
C0514_1F_1A,FG00057
C0550_1F_1A,FG00058
C0550_1F_2A,FG00059
C0551_1F_2A,FG00060
C0551_1F_1A,FG00061
C0601_1F_1A,FG00062
C0603_1F_1A,FG00063
C2018_1F_1A,FG00064
C0600_1F_1A,FG00065
C0592_1F_1A,FG00066
C0593_1F_1A,FG00067
C0607_1F_1A,FG00068
C0537_1F_1A,FG00069
C0610_1F_1A,FG00070
C0577_1F_1A,FG00071
C0578_1F_1A,FG00072
C0579_1F_1A,FG00073
C0308_5F_1A,FG00074
C0307_4F_1A,FG00075
C0611_1F_1A,FG00077
C0608_1F_1A,FG00078
C0621_1F_1A,FG00079
C0420_4F_1A,FG00080
C0615_1F_1A,FG00081
C0404_3F_1A,FG00082
C0403_3F_1A,FG00083
C0627_1F_1A,FG00084
C0634_1F_3A,FG00085
C0159_5F_1A,FG00086
C0132_4F_1A,FG00087
C0093_3F_1A,FG00088
C0337_3F_1A,FG00089
C0641_1F_1A,FG00090
C0635_1F_1A,FG00091
C0016_3F_1A,FG00092
C0017_2F_1A,FG00093
C0631_1F_1A,FG00094
C0638_1F_1A,FG00095
C0648_1F_1A,FG00096
C0636_1F_1A,FG00097
C0450_2F_1A,FG00098
C0254_5F_1A,FG00099
M0651_1F_1A,FG00100
M0644_1F_1A,FG00101
M0652_1F_1A,FG00102
C0633_1F_1A,FG00103
C0634_1F_1A,FG00104
C0655_1F_1A,FG00105
C0643_1F_1A,FG00106
C0194_4F_1A,FG00107
C0196_5F_1A,FG00108
C0642_1F_1A,FG00109
M0656_1F_1A,FG00110
C0661_1F_1A,FG00111
C0620_1F_1A,FG00112
M0663_1F_1A,FG00113
C0639_1F_1A,FG00114
C0637_1F_1A,FG00115
M0662_1F_1A,FG00116
M0647_1F_1A,FG00117
C0142_6F_1A,FG00118
C0624_1F_1A,FG00119
C0660_1F_1A,FG00120
C0665_1F_1A,FG00121
C0686_1F_1A,FG00122
C0683_1F_1A,FG00123
M0647_2F_1A,FG00124
M0649_1F_1A,FG00125
M0644_2F_1A,FG00126
C0107_4F_1A,FG00127
M0676_1F_1A,FG00128
C0704_1F_1A,FG00129
C0193_3F_1A,FG00130
C0673_1F_1A,FG00131
M0652_2F_1A,FG00132
M0703_1F_1A,FG00133
C0202_6F_1A,FG00134
M0682_1F_1A,FG00135
M0685_1F_1A,FG00136
M0699_1F_1A,FG00137
C0106_6F_1A,FG00138
C0679_1F_1A,FG00139
C0698_1F_1A,FG00140
M0674_1F_1A,FG00141
M0705_1F_1A,FG00142
M0714_1F_1A,FG00143
C0237_4F_1A,FG00144
M0709_1F_1A,FG00145
M0662_2F_1A,FG00146
C0688_1F_1A,FG00147
M0680_2F_1A,FG00148
C0694_1F_1A,FG00149
M0713_1F_1A,FG00150
M0716_1F_1A,FG00151
M0711_1F_1A,FG00152
C0123_3F_1A,FG00153
C0623_1F_1A,FG00154
C2014_2F_1A,FG00155
C0058_4F_1A,FG00156
M0718_1F_1A,FG00157
M0656_2F_1A,FG00158
M0723_1F_1A,FG00159
C0059_4F_1A,FG00160
M0685_2F_1A,FG00161
C0055_2F_1A,FG00162
C0323_2F_1A,FG00163
C0324_2F_1A,FG00164
C0672_1F_1A,FG00165
C0730_1F_1A,FG00166
C0735_1F_1A,FG00167
M0659_2F_1A,FG00168
C0429_4F_1A,FG00169
C0693_1F_1A,FG00170
C0202_3F_1A,FG00171
M0756_1F_1A,FG00172
M0749_1F_1A,FG00173
C0720_1F_1A,FG00174
C0725_1F_1A,FG00175
M0754_1F_1A,FG00176
C0690_1F_1A,FG00177
M0652_3F_1A,FG00178
M0757_1F_1A,FG00179
M0644_3F_1A,FG00180
M0706_2F_1A,FG00181
M0766_1F_1A,FG00182
M0753_1F_1A,FG00183
M0774_1F_1A,FG00184
C0047_7F_1A,FG00185
C0767_1F_1A,FG00186
M0765_1F_1A,FG00187
M0662_3F_1A,FG00188
M0742_2F_1A,FG00189
C0066_7F_1A,FG00190
M0713_2F_1A,FG00191
C0743_1F_1A,FG00192
M0745_2F_1A,FG00193
M0711_2F_1A,FG00194
C0724_1F_1A,FG00195
M0792_1F_1A,FG00196
M0791_1F_1A,FG00197
M0703_2F_1A,FG00198
M0653_2F_1A,FG00199
M0656_3F_1A,FG00200
M0790_1F_1A,FG00201
M0700_3F_1A,FG00202
C0788_1F_1A,FG00203
C0789_1F_1A,FG00204
C0784_1F_1A,FG00205
C0785_1F_1A,FG00206
M0752_2F_1A,FG00207
M0651_2F_1A,FG00208
M0742_2F_2A,FG00209
C0768_1F_1A,FG00210
C0799_1F_1A,FG00211
M0801_1F_1A,FG00212
M0748_2F_1A,FG00213
M0778_2F_1A,FG00214
C0811_1F_1A,FG00215
M0805_1F_1A,FG00216
M0808_1F_1A,FG00217
C0053_8F_1A,FG00218
C0332_4F_1A,FG00219
C0052_7F_1A,FG00220
M0794_1F_1A,FG00221
M0804_1F_1A,FG00222
M0699_3F_1A,FG00223
M0824_1F_1A,FG00224
M0770_2F_1A,FG00225
M0776_2F_1A,FG00226
M0753_2F_1A,FG00227
C0812_1F_1A,FG00228
M0749_2F_1A,FG00229
C0126_9F_1A,FG00230
C0127_7F_1A,FG00231
C0825_1F_1A,FG00232
C0286_6F_1A,FG00233
C0296_6F_1A,FG00234
C0494_2F_1A,FG00235
M0713_3F_1A,FG00236
C2018_3F_1A,FG00237
M0828_1F_1A,FG00238
M0822_1F_1A,FG00239
C0469_2F_1A,FG00240
C0837_1F_1A,FG00241
C0840_1F_1A,FG00242
C0841_1F_1A,FG00243
M0703_3F_1A,FG00244
M0844_1F_1A,FG00245
M0769_2F_1A,FG00246
C0111_6F_1A,FG00247
C0110_7F_1A,FG00248
C0826_1F_1A,FG00249
C0827_1F_1A,FG00250
M0780_2F_1A,FG00251
C0076_8F_1A,FG00252
C0814_1F_1A,FG00253
M0839_1F_1A,FG00254
C0385_4F_1A,FG00255
M0843_1F_1A,FG00256
C0477_3F_1A,FG00257
C0312_7F_1A,FG00258
M0790_2F_1A,FG00259
M0849_1F_1A,FG00260
C0240_4F_1A,FG00261
C0518_2F_1A,FG00262
M0744_3F_1A,FG00263
M0765_2F_1A,FG00264
C0249_4F_1A,FG00265
M0803_2F_1A,FG00266
C0078_3F_1A,FG00267
M0863_1F_1A,FG00268
M0847_1F_1A,FG00269
C0117_5F_1A,FG00270
C0747_1F_1A,FG00271
C0859_1F_1A,FG00272
M0752_3F_1A,FG00273
C0595_2F_1A,FG00274
M0851_1F_1A,FG00275
M0824_2F_1A,FG00276
M0804_2F_1A,FG00277
C0860_1F_1A,FG00278
C0853_1F_1A,FG00279
C0856_1F_1A,FG00280
C0830_1F_1A,FG00281
C0835_1F_1A,FG00282
C0082_5F_1A,FG00283
C0067_7F_1A,FG00284
C0493_2F_1A,FG00285
M0766_2F_1A,FG00286
M0842_2F_1A,FG00288
C0470_2F_1A,FG00289
M0776_3F_1A,FG00290
C0089_3F_1A,FG00291
M0769_3F_1A,FG00292
M0809_2F_1A,FG00293
M0858_1F_1A,FG00294
C0798_1F_1A,FG00295
C0005_3F_1A,FG00296
C0871_1F_1A,FG00297
C0200_2F_2A,FG00298
C0511_2F_1A,FG00299
C0200_2F_1A,FG00300
C0405_6F_1A,FG00301
C0032_9F_1A,FG00302
M0794_2F_1A,FG00303
M0886_1F_1A,FG00304
C0421_6F_1A,FG00305
C0879_1F_1A,FG00306
M0880_1F_1A,FG00307
M0870_1F_1A,FG00308
M0889_1F_1A,FG00309
M0891_1F_1A,FG00310
C0516_2F_1A,FG00312
M0766_3F_1A,FG00313
M0753_3F_1A,FG00314
C0861_1F_1A,FG00315
M0896_1F_1A,FG00316
M0893_1F_1A,FG00317
C0852_1F_1A,FG00318
M0883_1F_1A,FG00319
C0530_2F_1A,FG00320
M0900_1F_1A,FG00321
C0802_1F_1A,FG00322
C0537_2F_1A,FG00323
M0790_3F_1A,FG00324
M0908_1F_1A,FG00325
M0884_2F_1A,FG00326
M0863_2F_1A,FG00327
M0867_2F_1A,FG00328
C0723_3F_1A,FG00329
C0479_4F_1A,FG00330
C0754_2F_1A,FG00331
M0839_3F_1A,FG00332
M0880_2F_1A,FG00333
C0277_2F_1A,FG00334
M0882_2F_1A,FG00335
C0887_1F_1A,FG00336
M0928_1F_1A,FG00337
C0925_1F_1A,FG00338
M0847_2F_1A,FG00339
C0426_5F_1A,FG00340
C0930_1F_1A,FG00341
M0854_2F_1A,FG00342
M0881_2F_1A,FG00343
C0652_4F_1A,FG00344
C0512_2F_1A,FG00345
M0907_2F_1A,FG00346
C0506_2F_1A,FG00347
C0505_2F_1A,FG00348
C0524_3F_1A,FG00349
C0547_2F_1A,FG00350
C0124_3F_1A,FG00351
C0556_2F_1A,FG00352
C0672_2F_1A,FG00353
M0932_1F_1A,FG00354
M0885_1F_1A,FG00356
M0901_2F_1A,FG00357
M0842_3F_1A,FG00358
M0883_2F_1A,FG00359
M0892_2F_1A,FG00360
M0888_2F_1A,FG00361
M0929_1F_1A,FG00362
M0926_1F_1A,FG00363
C0062_7F_1A,FG00364
M0918_2F_1A,FG00365
M0904_2F_1A,FG00366
M0927_2F_1A,FG00367
M0893_2F_1A,FG00368
C0460_4F_1A,FG00369
M0896_2F_1A,FG00370
C0920_1F_1A,FG00371
C0921_1F_1A,FG00372
C0567_2F_1A,FG00373
C0649_2F_1A,FG00374
C0684_4F_1A,FG00375
C0253_7F_1A,FG00376
C0252_7F_1A,FG00377
M0908_2F_1A,FG00378
M0945_1F_1A,FG00379
C0557_1F_1A,FG00380
M0886_2F_1A,FG00381
M0958_1F_1A,FG00382
M0910_2F_1A,FG00383
M0914_2F_1A,FG00384
C0325_5F_1A,FG00385
C0043_8F_1A,FG00386
M0917_2F_1A,FG00387
M0964_1F_1A,FG00388
C0692_3F_1A,FG00389
C0583_2F_1A,FG00390
M0863_3F_1A,FG00391
M0880_2F_2A,FG00392
M0884_3F_1A,FG00393
C0495_2F_1A,FG00394
C0699_4F_1A,FG00395
M0971_1F_1A,FG00396
C0682_3F_1A,FG00397
C0656_4F_1A,FG00398
M0947_1F_1A,FG00399
C0902_1F_1A,FG00400
C0526_2F_1A,FG00401
M0864_3F_1A,FG00402
C0711_4F_1A,FG00403
C0576_2F_1A,FG00404
C0575_2F_1A,FG00405
M0894_2F_1A,FG00406
C0654_2F_1A,FG00407
M0890_3F_1A,FG00408
M0926_2F_1A,FG00409
M0922_2F_1A,FG00410
M0934_2F_1A,FG00411
M0973_1F_1A,FG00412
C0742_3F_1A,FG00413
M0932_2F_1A,FG00414
M0946_1F_1A,FG00415
C0647_4F_1A,FG00416
C0633_2F_1A,FG00417
M0892_3F_1A,FG00418
M0919_2F_1A,FG00419
M0996_1F_1A,FG00420
M0960_1F_1A,FG00421
M0937_2F_1A,FG00422
C0703_4F_1A,FG00423
M0935_2F_1A,FG00424
M0989_1F_1A,FG00425
M0881_3F_1A,FG00426
M0883_3F_1A,FG00427
C0661_2F_1A,FG00428
M0998_1F_1A,FG00429
C0541_2F_1A,FG00430
M0891_3F_2A,FG00431
M0891_3F_1A,FG00432
M1008_1F_1A,FG00433
C0739_2F_1A,FG00434
M0999_1F_1A,FG00435
C0713_4F_1A,FG00436
M1007_1F_1A,FG00437
C2014_3F_1A,FG00438
M0913_2F_1A,FG00439
M0948_2F_1A,FG00440
M0888_3F_1A,FG00441
M1016_1F_1A,FG00442
M0950_2F_1A,FG00443
M0947_2F_1A,FG00444
C1034_1F_1A,FG00445
M1027_1F_1A,FG00446
M0980_2F_1A,FG00447
C0402_3F_1A,FG00448
M0886_3F_1A,FG00449
C0752_4F_1A,FG00450
M1015_1F_1A,FG00451
C0451_2F_1A,FG00452
C0744_4F_1A,FG00453
C0348_3F_1A,FG00454
C0192_4F_1A,FG00455
C0175_2F_1A,FG00456
C0674_3F_1A,FG00457
M0896_3F_1A,FG00458
M0918_3F_1A,FG00459
M1028_1F_1A,FG00460
C0754_3F_1A,FG00461
M0958_2F_1A,FG00462
M1005_2F_1A,FG00463
M0961_2F_1A,FG00464
M0951_2F_1A,FG00465
C0539_2F_1A,FG00466
C0554_1F_2A,FG00468
C0603_4F_1A,FG00469
M1046_1F_1A,FG00470
M0946_3F_1A,FG00471
C0229_5F_1A,FG00472
C0643_2F_1A,FG00473
C0507_2F_1A,FG00474
C0499_2F_1A,FG00475
C0550_3F_1A,FG00476
M0973_2F_1A,FG00477
C1009_1F_1A,FG00478
M1008_2F_1A,FG00479
M0977_2F_1A,FG00480
M1037_2F_1A,FG00481
C0660_2F_1A,FG00482
M0961_3F_1A,FG00483
C0656_5F_1A,FG00484
M0996_2F_1A,FG00485
M0958_3F_1A,FG00486
M1047_2F_1A,FG00487
M1066_1F_1A,FG00488
M1068_1F_1A,FG00489
M1065_1F_1A,FG00490
M1015_2F_1A,FG00491
M1056_1F_1A,FG00492
M0984_2F_1A,FG00493
C0692_4F_1A,FG00494
M1060_1F_1A,FG00495
C0711_5F_1A,FG00496
M1079_1F_1A,FG00497
M1064_1F_1A,FG00498
C0788_2F_1A,FG00499
C0789_2F_1A,FG00500
M1074_1F_1A,FG00501
C0834_4F_1A,FG00502
M0973_3F_1A,FG00503
M1087_1F_1A,FG00504
M1086_1F_1A,FG00505
M1095_1F_1A,FG00506
M1058_1F_1A,FG00507
C0839_4F_1A,FG00508
M1110_1F_1A,FG00509
C0936_1F_1A,FG00510
C0388_7F_1A,FG00511
M1057_1F_1A,FG00512
M1088_1F_1A,FG00513
M1059_1F_1A,FG00514
C1089_1F_1A,FG00515
M1099_1F_1A,FG00516
M1109_1F_1A,FG00517
M1008_3F_1A,FG00518
M1096_1F_1A,FG00519
M1078_1F_1A,FG00520
M1022_2F_1A,FG00521
C1075_1F_1A,FG00522
C1102_1F_1A,FG00523
C1026_1F_1A,FG00524
C2018_4F_1A,FG00525
M1083_1F_1A,FG00526
M1113_1F_1A,FG00527
C1090_1F_1A,FG00528
M1067_1F_1A,FG00529
M1116_1F_1A,FG00530
C0698_2F_1A,FG00531
M1056_2F_1A,FG00532
C0851_4F_1A,FG00533
C0828_4F_1A,FG00534
M1064_2F_1A,FG00535
M1115_1F_1A,FG00536
M1082_1F_1A,FG00537
C1062_3F_1A,FG00538
C0461_4F_1A,FG00539
C0286_5F_1A,FG00540
C0296_5F_1A,FG00541
C0052_5F_1A,FG00542
C0053_6F_1A,FG00543
C0108_4F_1A,FG00544
C0498_1F_1A,FG00545
C0634_3F_1A,FG00546
C0661_3F_1A,FG00547
C0672_3F_1A,FG00548
M1124_1F_1A,FG00549
M1097_1F_1A,FG00550
C0586_2F_1A,FG00551
M1096_2F_1A,FG00552
M1058_2F_1A,FG00553
C0514_2F_1A,FG00554
M1086_2F_1A,FG00555
C0642_2F_1A,FG00556
C0915_3F_1A,FG00557
C0537_3F_1A,FG00558
M1142_1F_1A,FG00559
C0871_2F_1A,FG00560
C1136_1F_1A,FG00561
M1147_1F_1A,FG00562
M1066_2F_1A,FG00563
M1087_2F_1A,FG00564
C0880_4F_1A,FG00565
M1170_1F_1A,FG00566
C0202_7F_1A,FG00567
M1140_1F_1A,FG00568
M1091_1F_1A,FG00569
M1060_2F_1A,FG00570
M1145_1F_1A,FG00571
M1150_1F_1A,FG00572
M1082_2F_1A,FG00573
M1043_3F_1A,FG00574
C0879_2F_1A,FG00575
M1103_2F_1A,FG00576
C0450_3F_1A,FG00577
C0932_3F_1A,FG00578
M1118_1F_1A,FG00579
C1171_1F_1A,FG00580
M1160_1F_1A,FG00581
M1041_2F_1A,FG00582
C0855_4F_1A,FG00583
C0456_4F_1A,FG00584
M1061_3F_1A,FG00585
M1153_1F_1A,FG00586
M1099_2F_1A,FG00587
M1167_1F_1A,FG00588
C0524_4F_1A,FG00589
C0769_5F_1A,FG00590
M1120_2F_1A,FG00591
C0259_3F_1A,FG00592
C0200_3F_1A,FG00593
M1056_3F_1A,FG00594
M1161_1F_1A,FG00595
M1162_1F_1A,FG00596
M1113_2F_1A,FG00597
M1105_2F_1A,FG00598
C0863_4F_1A,FG00599
M1142_2F_1A,FG00600
M1068_2F_1A,FG00601
M1064_3F_1A,FG00602
C0920_2F_1A,FG00603
M1137_2F_1A,FG00604
M1183_1F_1A,FG00605
C0958_4F_1A,FG00606
C0921_2F_1A,FG00607
M1067_2F_1A,FG00608
C0631_2F_1A,FG00609
C0016_4F_1A,FG00610
C0017_3F_1A,FG00611
M1083_2F_1A,FG00612
M1055_3F_1A,FG00614
M1126_2F_1A,FG00615
M1143_2F_1A,FG00616
M1189_1F_1A,FG00617
M1159_1F_1A,FG00618
M1129_2F_1A,FG00619
M1050_3F_1A,FG00620
M1135_2F_1A,FG00621
C0888_4F_1A,FG00622
M1109_2F_1A,FG00623
M1202_1F_1A,FG00624
M1124_2F_1A,FG00625
M1186_1F_1A,FG00626
M1170_2F_1A,FG00627
M1065_3F_1A,FG00628
M1176_1F_1A,FG00629
M1146_2F_1A,FG00630
M1058_3F_1A,FG00631
M1110_2F_1A,FG00632
M1200_1F_1A,FG00633
M1157_2F_1A,FG00634
M1205_1F_1A,FG00635
M1088_2F_1A,FG00636
M1194_1F_1A,FG00637
M1208_1F_1A,FG00638
M1148_2F_1A,FG00640
M1197_1F_1A,FG00641
M1210_1F_1A,FG00642
M1175_1F_1A,FG00643
M1115_2F_1A,FG00644
M1155_2F_1A,FG00645
M1096_3F_1A,FG00646
M1211_1F_1A,FG00647
C0909_4F_1A,FG00648
M1066_3F_1A,FG00649
M1161_2F_1A,FG00650
C0240_5F_1A,FG00651
C0730_2F_1A,FG00652
M1147_2F_1A,FG00653
M1169_2F_1A,FG00655
M1166_2F_1A,FG00656
M1162_2F_1A,FG00657
M1201_1F_1A,FG00658
M1172_2F_1A,FG00659
C0821_5F_1A,FG00660
M1095_3F_1A,FG00661
M1220_1F_1A,FG00662
M1103_3F_1A,FG00663
M1167_2F_1A,FG00664
C0891_4F_1A,FG00665
C1037_4F_1A,FG00666
C0839_5F_1A,FG00667
C0307_5F_1A,FG00669
C1144_1F_1A,FG00670
C0908_4F_1A,FG00671
C0308_6F_1A,FG00672
C0794_4F_1A,FG00673
M1221_1F_1A,FG00674
M1083_3F_1A,FG00675
M1218_1F_1A,FG00676
M1115_3F_1A,FG00677
M1105_3F_1A,FG00678
M1198_2F_1A,FG00679
M1142_3F_1A,FG00680
M1200_2F_1A,FG00681
M1195_2F_1A,FG00682
M1150_2F_1A,FG00683
C0767_2F_1A,FG00684
M1180_2F_1A,FG00685
C1217_1F_1A,FG00686
C0723_4F_1A,FG00687
M1159_2F_1A,FG00688
C1228_1F_1A,FG00689
M1129_3F_1A,FG00690
M1227_1F_1A,FG00691
M1177_2F_1A,FG00692
M1176_2F_1A,FG00693
M1199_2F_1A,FG00694
M1183_2F_1A,FG00695
M1226_1F_1A,FG00696
C0754_4F_1A,FG00697
M1126_3F_1A,FG00698
M1137_3F_1A,FG00699
M1205_2F_1A,FG00700
C0567_3F_1A,FG00701
M1170_3F_1A,FG00702
C0861_2F_1A,FG00703
M1139_3F_1A,FG00704
M1188_2F_1A,FG00705
C0999_2F_1A,FG00706
C0511_3F_1A,FG00707
M1143_3F_1A,FG00708
M1213_2F_1A,FG00709
M1162_3F_1A,FG00710
C1238_1F_1A,FG00711
C1243_1F_1A,FG00712
M1148_3F_1A,FG00713
C1223_1F_1A,FG00714
C0174_3F_1A,FG00715
C0158_6F_1A,FG00716
C0157_6F_1A,FG00717
M1247_1F_1A,FG00718
C0864_5F_1A,FG00719
M1219_1F_1A,FG00720
C0961_4F_1A,FG00721
M1186_2F_1A,FG00722
C1007_3F_1A,FG00723
C0557_2F_1A,FG00724
C0788_3F_1A,FG00725
C0789_3F_1A,FG00726
M1155_3F_1A,FG00727
M1172_3F_1A,FG00728
M1159_3F_1A,FG00729
M1109_3F_1A,FG00730
C0061_8F_1A,FG00731
C0062_8F_1A,FG00732
C0556_3F_1A,FG00733
C0190_3F_1A,FG00734
C0191_3F_1A,FG00735
C0271_5F_1A,FG00736
C1250_1F_1A,FG00737
C1059_3F_1A,FG00738
C0390_2F_1A,FG00739
C1222_1F_1A,FG00740
M1221_2F_1A,FG00741
M1252_1F_1A,FG00742
C0071_8F_1A,FG00743
M1147_3F_1A,FG00744
C0784_2F_1A,FG00745
M1207_2F_1A,FG00746
M1220_2F_1A,FG00747
C0886_4F_1A,FG00748
C0564_2F_1A,FG00749
C1068_3F_1A,FG00750
M1245_1F_1A,FG00751
C0915_4F_1A,FG00752
C0932_4F_1A,FG00753
M1246_1F_1A,FG00755
M1180_3F_1A,FG00756
C0477_5F_1A,FG00757
M1216_2F_1A,FG00758
M1179_3F_1A,FG00759
M1232_1F_1A,FG00760
C0550_4F_1A,FG00761
M1181_3F_1A,FG00762
M1211_2F_1A,FG00763
M1261_1F_1A,FG00764
C1008_4F_1A,FG00765
M1240_1F_1A,FG00766
C0914_5F_1A,FG00767
M1195_3F_1A,FG00768
M0974_1F_1A,FG00769
M1200_3F_1A,FG00770
C0753_4F_1A,FG00771
C0603_6F_1A,FG00772
C0126_10F_1A,FG00773
C0127_8F_1A,FG00774
C0904_5F_1A,FG00775
M1229_2F_1A,FG00776
C0612_2F_1A,FG00777
M1218_2F_1A,FG00778
M1219_2F_1A,FG00779
M1258_1F_1A,FG00780
C0536_1F_1A,FG00781
M1263_1F_1A,FG00782
M1268_1F_1A,FG00783
C0665_2F_1A,FG00784
M1237_2F_1A,FG00785
C1087_3F_1A,FG00786
C0676_3F_1A,FG00787
M1254_2F_1A,FG00788
C0029_6F_1A,FG00789
C0535_2F_1A,FG00790
M1205_3F_1A,FG00791
M1274_1F_1A,FG00792
M1276_1F_1A,FG00793
C1099_3F_1A,FG00794
C1060_3F_1A,FG00795
C1090_2F_1A,FG00796
C1160_3F_1A,FG00797
C0443_4F_1A,FG00798
C0830_2F_1A,FG00799
C0124_4F_1A,FG00800
M1287_1F_1A,FG00801
C0323_3F_1A,FG00802
C0324_3F_1A,FG00803
C0055_3F_1A,FG00804
M1211_3F_1A,FG00805
M1226_2F_1A,FG00806
M1234_2F_1A,FG00807
M1176_3F_1A,FG00809
C0047_8F_1A,FG00810
C1015_3F_1A,FG00811
M1273_1F_1A,FG00812
M1202_3F_1A,FG00813
M1232_2F_1A,FG00814
C0312_8F_1A,FG00815
C0161_7F_1A,FG00816
M1240_2F_1A,FG00817
M1188_3F_1A,FG00818
M1208_3F_1A,FG00819
M1177_3F_1A,FG00821
C2018_5F_1A,FG00822
C0249_5F_1A,FG00823
C0248_3F_1A,FG00824
M1221_3F_1A,FG00825
C0385_5F_1A,FG00826
M1271_1F_1A,FG00827
M1281_1F_1A,FG00828
C0231_3F_1A,FG00829
C0724_2F_1A,FG00830
C0725_2F_1A,FG00831
M0974_2F_1A,FG00832
M1207_3F_1A,FG00833
M1247_2F_1A,FG00834
C0405_7F_1A,FG00835
M1258_2F_1A,FG00836
C0897_2F_1A,FG00837
M1275_1F_1A,FG00838
C0946_5F_1A,FG00839
M1245_2F_1A,FG00841
C0742_5F_1A,FG00842
C0792_4F_1A,FG00843
M1262_2F_1A,FG00844
M1226_3F_1A,FG00845
M1255_2F_1A,FG00846
C0146_7F_1A,FG00847
M1279_1F_1A,FG00848
M1266_2F_1A,FG00849
C0470_3F_1A,FG00850
M1229_3F_1A,FG00851
C0768_2F_1A,FG00852
C0785_2F_1A,FG00853
C0932_7F_1A,FG00854
C0110_8F_1A,FG00855
C0111_7F_1A,FG00856
C0996_4F_1A,FG00857
M1300_1F_1A,FG00858
C0476_5F_1A,FG00859
M1272_2F_1A,FG00860
M1295_1F_1A,FG00861
C0479_5F_1A,FG00862
C0742_5F_2A,FG00863
C0774_4F_1A,FG00864
C0711_6F_1A,FG00865
M1246_3F_1A,FG00866
C0744_6F_1A,FG00867
C0880_5F_1A,FG00868
M1254_3F_1A,FG00869
M1271_2F_1A,FG00870
M1282_2F_1A,FG00871
M1276_2F_1A,FG00872
M1312_1F_1A,FG00873
M1287_2F_1A,FG00874
C0577_3F_1A,FG00875
C0579_3F_1A,FG00876
C0578_3F_1A,FG00877
C1135_4F_1A,FG00878
C0524_5F_1A,FG00879
M1298_1F_1A,FG00880
M1275_2F_1A,FG00881
C0980_5F_1A,FG00885
M1283_2F_1A,FG00886
C0871_3F_1A,FG00887
M1252_2F_1A,FG00888
C0516_3F_1A,FG00889
M1240_3F_1A,FG00890
M1262_3F_1A,FG00891
M1258_3F_1A,FG00892
M1300_2F_1A,FG00893
M1286_2F_1A,FG00894
M1297_2F_1A,FG00895
C1219_3F_1A,FG00896
M1294_2F_1A,FG00897
M1266_3F_1A,FG00898
M1278_3F_1A,FG00899
C1115_4F_1A,FG00900
C1177_4F_1A,FG00901
M1307_2F_1A,FG00902
M1295_2F_1A,FG00903
C0117_6F_1A,FG00904
C1050_4F_1A,FG00905
M1232_3F_1A,FG00907
M1278_2F_1A,FG00908
C0879_3F_1A,FG00909
C0661_4F_1A,FG00910
M1273_3F_1A,FG00911
M1272_3F_1A,FG00912
M1302_2F_1A,FG00913
M1301_3F_1A,FG00914
C0459_4F_1A,FG00915
M1305_2F_1A,FG00916
M1340_1F_1A,FG00917
M1314_2F_1A,FG00918
C1329_1F_1A,FG00919
C1328_1F_1A,FG00920
M1333_1F_1A,FG00921
C0547_3F_1A,FG00922
M1326_2F_1A,FG00923
C0596_3F_1A,FG00924
C0597_3F_1A,FG00925
M1316_2F_1A,FG00926
M1300_3F_1A,FG00927
M1318_2F_1A,FG00928
M1324_2F_1A,FG00929
C0923_4F_1A,FG00930
C0196_6F_1A,FG00931
C0369_4F_1A,FG00932
M1294_3F_1A,FG00933
C0492_4F_1A,FG00934
M1339_1F_1A,FG00935
M1293_3F_1A,FG00936
C0500_4F_1A,FG00937
C0873_2F_1A,FG00938
C0864_6F_1A,FG00939
C1167_4F_1A,FG00940
M1295_3F_1A,FG00941
C1162_4F_1A,FG00942
M1322_2F_1A,FG00943
C1361_1F_1A,FG00944
M1330_2F_1A,FG00945
C0932_8F_1A,FG00946
C0043_9F_1A,FG00947
C0325_6F_1A,FG00948
C0194_5F_1A,FG00949
M1280_2F_1A,FG00950
M1280_3F_2A,FG00952
C1109_4F_1A,FG00953
C0530_3F_1A,FG00954
C0556_4F_1A,FG00955
M1348_1F_1A,FG00956
C0863_5F_1A,FG00957
C1255_3F_1A,FG00958
M1344_1F_1A,FG00959
M1325_2F_1A,FG00960
C1223_2F_1A,FG00961
C1195_4F_1A,FG00963
C0575_3F_1A,FG00964
C0188_7F_1A,FG00965
C0179_6F_1A,FG00966
C0189_7F_1A,FG00967
C0723_5F_1A,FG00968
C1172_4F_1A,FG00969
M1307_3F_1A,FG00970
M1336_2F_1A,FG00972
M1279_2F_1A,FG00973
M1279_3F_1A,FG00974
M1298_3F_1A,FG00975
C0495_3F_1A,FG00976
M1305_3F_1A,FG00977
M1354_2F_1A,FG00978
C1068_8F_1A,FG00979
M1347_2F_1A,FG00980
M1312_3F_1A,FG00981
M1340_2F_1A,FG00982
M1345_2F_1A,FG00983
M1363_1F_1A,FG00984
M1369_1F_1A,FG00985
M1316_3F_1A,FG00986
M1342_2F_1A,FG00987
C1155_4F_1A,FG00988
M1337_2F_1A,FG00989
C0494_3F_1A,FG00990
C0635_3F_1A,FG00991
C1159_4F_1A,FG00992
M1352_1F_1A,FG00993
C0571_3F_1A,FG00994
M1376_1F_1A,FG00995
M1314_3F_1A,FG00996
M1318_3F_1A,FG00997
M1322_3F_1A,FG00998
M1324_3F_1A,FG00999
C1273_4F_1A,FG01001
M1371_1F_1A,FG01002
C0623_3F_1A,FG01003
C0492_7F_1A,FG01004
C0123_5F_1A,FG01005
C1365_1F_1A,FG01006
C1171_2F_1A,FG01007
C1050_9F_1A,FG01008
M1373_1F_1A,FG01009
M1336_3F_1A,FG01010
M1353_2F_1A,FG01011
M1367_2F_1A,FG01012
M1333_3F_1A,FG01013
M1362_2F_1A,FG01014
C1220_4F_1A,FG01015
C1234_4F_1A,FG01016
C1244_4F_1A,FG01017
M1352_2F_1A,FG01018
C1227_4F_1A,FG01019
C1271_4F_1A,FG01020
C1135_5F_1A,FG01021
C1197_2F_1A,FG01022
C1378_1F_1A,FG01023
C1379_1F_1A,FG01024
M1339_3F_1A,FG01025
M1354_3F_1A,FG01026
M1348_3F_1A,FG01027
C1060_4F_1A,FG01028
C1007_4F_1A,FG01029
C0961_5F_1A,FG01030
C1168_4F_1A,FG01031
M1359_3F_1A,FG01032
C0420_7F_1A,FG01033
M1340_3F_1A,FG01034
M1344_3F_1A,FG01035
C1209_4F_1A,FG01036
C1208_4F_1A,FG01037
M1372_2F_1A,FG01038
M1352_3F_1A,FG01039
M1345_3F_1A,FG01040
C0402_4F_1A,FG01041
C1370_2F_1A,FG01042
M1398_1F_1A,FG01043
M1401_1F_1A,FG01044
C1207_4F_1A,FG01045
C1116_3F_1A,FG01046
C1068_10F_1A,FG01047
M1363_2F_1A,FG01048
C1215_4F_1A,FG01049
M1359_2F_1A,FG01050
M1393_1F_1A,FG01051
M1409_1F_1A,FG01052
M1397_1F_1A,FG01053
M1383_2F_1A,FG01054
M1369_2F_1A,FG01055
C1087_4F_1A,FG01056
C1104_4F_1A,FG01057
M1362_3F_1A,FG01058
C1258_4F_1A,FG01059
M1382_2F_1A,FG01060
C0514_3F_1A,FG01061
M1380_2F_1A,FG01062
M1280_3F_1A,FG01820
M1413_2F_1A,FG01971
C0061_9F_1A,FG01972
C1050_5F_1A,FG01975
C0860_2F_1A,FG01977
C0859_2F_1A,FG01978
C0568_3F_1A,FG01980
C1237_4F_1A,FG01982
M1411_1F_1A,FG01984
C1104_5F_1A,FG01986
C1215_5F_1A,FG01988
C0202_8F_1A,FG01990
M1415_1F_1A,FG01992
C1326_4F_1A,FG01994
C0062_9F_1A,FG01996
C1271_5F_1A,FG01998
M1413_1F_1A,FG02000
C1314_4F_1A,FG02001
C0398_2F_1A,FG02003
C0511_4F_1A,FG02005
M1414_1F_1A,FG02007
C0047_9F_1A,FG02011
C1345_4F_1A,FG02013
M1401_2F_1A,FG02015
C0730_3F_1A,FG02017
C1372_3F_1A,FG02019
C0569_3F_1A,FG02021
C1422_1F_1A,FG02023
C0586_3F_1A,FG02026
C1406_1F_1A,FG02028
C0126_11F_1A,FG02030
C0127_9F_1A,FG02032
M1420_2F_1A,FG02035
C0341_4F_1A,FG02037
C0336_4F_1A,FG02039
C2018_6F_1A,FG02042
C0483_2F_1A,FG02044
C1428_1F_1A,FG02046
M1419_2F_1A,FG02048
C0880_6F_1A,FG02049
C1427_1F_1A,FG02051
C1088_3F_1A,FG02053
M1429_1F_1A,FG02055
C0235_4F_1A,FG02057
C0830_3F_1A,FG02059
C0025_7F_1A,FG02061
C0066_9F_1A,FG02063
M1415_3F_1A,FG02065
C1415_2F_1A,FG02072
C1440_1F_1A,FG02074
C1399_3F_1A,FG02076
C0194_6F_1A,FG02078
C0196_7F_1A,FG02080
C1398_3F_1A,FG02082
C0902_2F_1A,FG02084
M1445_1F_1A,FG02086
C1322_4F_1A,FG02088
C0654_4F_1A,FG02090
C0161_8F_1A,FG02092
C1421_1F_1A,FG02094
C0526_3F_1A,FG02096
M1419_3F_1A,FG02099
M1424_2F_1A,FG02101
C1136_2F_1A,FG02103
M1432_2F_1A,FG02105
C0597_4F_1A,FG02107
C0596_4F_1A,FG02109
M1430_1F_1A,FG02111
C1431_1F_1A,FG02113
C0479_6F_1A,FG02115
C0861_3F_1A,FG02117
C1446_1F_1A,FG02119
C0660_3F_1A,FG02121
C0092_3F_1A,FG02123
C1344_4F_1A,FG02125
C0741_3F_1A,FG02127
C0312_9F_1A,FG02129
C0774_5F_1A,FG02131
M1438_1F_1A,FG02133
C0864_8F_1A,FG02135
C0131_5F_1A,FG02137
C0524_6F_1A,FG02139
C0055_4F_1A,FG02141
C0110_9F_1A,FG02143
C1218_5F_1A,FG02145
M1435_2F_1A,FG02147
C1246_5F_1A,FG02149
C0323_4F_1A,FG02151
M1439_1F_1A,FG02153
C1401_3F_1A,FG02155
C0385_6F_1A,FG02157
C1116_4F_1A,FG02159
C1411_3F_1A,FG02161
C0672_4F_1A,FG02163
C1060_5F_1A,FG02165
M1455_1F_1A,FG02167
C1447_1F_1A,FG02169
C1087_5F_1A,FG02171
C0557_3F_1A,FG02173
C0961_6F_1A,FG02175
C1009_3F_1A,FG02177
C0871_4F_1A,FG02183
C0872_3F_1A,FG02185
M1439_3F_1A,FG02187
C1207_5F_1A,FG02189
C1371_3F_1A,FG02191
M1452_1F_1A,FG02193
C0189_8F_1A,FG02195
C0188_8F_1A,FG02197
C1314_5F_1A,FG02199
M1452_2F_1A,FG02201
M1445_3F_1A,FG02203
C0879_4F_1A,FG02205
M1458_1F_1A,FG02207
M1454_2F_1A,FG02209
C1436_1F_1A,FG02211
M1460_1F_1A,FG02213
C1059_4F_1A,FG02215
C1355_4F_1A,FG02217
M1462_1F_1A,FG02219
C0200_4F_1A,FG02221
M1455_2F_1A,FG02223
C0634_6F_1A,FG02226
C1468_1F_1A,FG02228
C1386_4F_1A,FG02232
M1454_3F_1A,FG02234
C1422_2F_1A,FG02236
M1463_2F_1A,FG02238
C0887_3F_1A,FG02240
C1050_11F_1A,FG02242
M1460_2F_1A,FG02244
C0880_7F_1A,FG02246
M1452_3F_1A,FG02248
M1455_3F_1A,FG02250
M1465_2F_1A,FG02252
C1333_4F_1A,FG02254
C1469_1F_1A,FG02256
C1305_5F_1A,FG02258
C0108_5F_1A,FG02260
C0305_4F_1A,FG02262
M1462_2F_1A,FG02264
C0586_4F_1A,FG02266
C0798_3F_1A,FG02268
C0930_3F_1A,FG02270
C1432_3F_1A,FG02272
C0420_8F_1A,FG02274
C0514_4F_1A,FG02276
C0893_4F_1A,FG02278
C0325_7F_1A,FG02279
C0043_10F_1A,FG02281
M1460_3F_1A,FG02284
C0744_9F_1A,FG02286
C0043_7F_1A,FG02288
M1362_1F_1A,FG02290
M1061_2F_1A,FG02291
M1297_3F_1A,FG02292
C0127_6F_1B,FG02293
C0126_8F_1A,FG02294
C0126_8F_1B,FG02294
C0634_1F_2A,FG02295
C0631_1F_2A,FG02296
C0544_1F_2A,FG02297
C0591_1F_2A,FG02298
C0590_1F_2A,FG02299
M0652_1F_2A,FG02300
C0688_1F_2A,FG02301
C0621_1F_2A,FG02302
C0643_1F_2A,FG02303
C0506_1F_2A,FG02304
M0647_1F_2A,FG02305
C0271_6F_1A,FG02306
M1479_1F_1A,FG02308
M1465_3F_1A,FG02310
C0595_1F_2A,FG02312
C0514_1F_2A,FG02313
C0720_1F_2A,FG02314
C0420_4F_2A,FG02315
C0202_4F_2A,FG02316
C0179_4F_2A,FG02317
C2018_1F_2A,FG02318
C0537_1F_2A,FG02319
M0680_2F_2A,FG02320
C0189_5F_2A,FG02321
C0249_4F_2A,FG02322
C0426_7F_1A,FG02323
C0539_4F_1A,FG02325
C0388_9F_1A,FG02327
M1480_1F_1A,FG02329
C0405_8F_1A,FG02331
M0656_1F_2A,FG02333
C0541_1F_2A,FG02334
C0638_1F_2A,FG02335
C0837_1F_2A,FG02336
M0685_1F_2A,FG02337
M0703_1F_2A,FG02338
C0660_1F_2A,FG02339
M0662_1F_2A,FG02340
C0624_1F_2A,FG02341
C0641_1F_2A,FG02342
M0676_1F_2A,FG02343
C0597_1F_2A,FG02344
C0665_1F_2A,FG02345
C0620_1F_2A,FG02346
C0679_1F_2A,FG02347
C0517_1F_2A,FG02348
C0623_1F_2A,FG02349
M0651_1F_2A,FG02350
C0694_1F_2A,FG02351
C0507_1F_2A,FG02352
C0579_1F_2A,FG02353
C0429_4F_2A,FG02354
C0107_4F_2A,FG02355
C0058_4F_2A,FG02356
C0061_6F_2A,FG02357
C0062_6F_2A,FG02358
C0106_6F_2A,FG02359
C0142_6F_2A,FG02360
C0202_6F_2A,FG02361
C0188_5F_2A,FG02362
C0201_5F_2A,FG02363
C0159_5F_2A,FG02364
C0196_5F_2A,FG02365
C0308_5F_2A,FG02366
C0254_5F_2A,FG02367
C0194_4F_2A,FG02368
C0307_4F_2A,FG02369
C0132_4F_2A,FG02370
C0117_4F_2A,FG02371
C0059_4F_2A,FG02372
C0016_3F_2A,FG02373
C0479_3F_2A,FG02374
C0119_3F_2A,FG02375
C0240_3F_2A,FG02376
M0674_1F_2A,FG02377
C0569_1F_2A,FG02378
C0615_1F_2A,FG02379
C0672_1F_2A,FG02380
M0644_1F_2A,FG02381
C0521_1F_2A,FG02382
C0601_1F_2A,FG02383
C0509_1F_2A,FG02384
C0570_1F_2A,FG02385
C0635_1F_2A,FG02386
C0577_1F_2A,FG02387
C0655_1F_2A,FG02388
C0747_1F_2A,FG02389
C0498_1F_2A,FG02390
M0713_1F_2A,FG02391
M0663_1F_2A,FG02392
C0520_1F_2A,FG02393
C0547_1F_2A,FG02394
M0705_1F_2A,FG02395
C0698_1F_2A,FG02396
M0709_1F_2A,FG02397
C0636_1F_2A,FG02398
M0711_1F_2A,FG02399
C0704_1F_2A,FG02400
C0686_1F_2A,FG02401
C0569_4F_1A,FG02402
C0570_4F_1A,FG02404
C0603_1F_2A,FG02406
C0661_1F_2A,FG02407
C0594_1F_2A,FG02408
M0682_1F_2A,FG02409
C0578_1F_2A,FG02410
C0596_1F_2A,FG02411
C0633_1F_2A,FG02412
C0648_1F_2A,FG02413
C0639_1F_2A,FG02414
C0683_1F_2A,FG02415
C0627_1F_2A,FG02416
C0530_1F_2A,FG02417
C0589_1F_2A,FG02418
C0552_1F_2A,FG02419
C0673_1F_2A,FG02420
C0323_2F_2A,FG02421
C0324_2F_2A,FG02422
M0647_2F_2A,FG02423
M0653_2F_2A,FG02424
C0450_2F_2A,FG02425
C2014_2F_2A,FG02426
M0652_2F_2A,FG02427
C0017_2F_2A,FG02428
M0766_2F_2A,FG02429
C0055_2F_2A,FG02430
M0659_2F_2A,FG02431
C0364_2F_2A,FG02432
C0469_2F_2A,FG02433
M0644_2F_2A,FG02434
C0123_3F_2A,FG02435
M0699_3F_2A,FG02436
C0404_3F_2A,FG02437
C0403_3F_2A,FG02439
C0193_3F_2A,FG02440
C0093_3F_2A,FG02441
C0476_3F_2A,FG02442
C0337_3F_2A,FG02443
C0258_3F_2A,FG02444
C2014_6F_1A,FG02446
C0665_3F_1A,FG02448
C1436_2F_1A,FG02450
C0624_3F_1A,FG02452
C0202_10F_1A,FG02454
C0547_4F_1A,FG02456
C1439_4F_1A,FG02458
M1486_1F_1A,FG02461
C0530_4F_1A,FG02463
M1479_2F_1A,FG02465
C1307_4F_1A,FG02467
M1462_3F_1A,FG02469
C0477_5F_1A,FG02471
C0500_6F_1A,FG02473
C1487_1F_1A,FG02475
C1188_7F_1A,FG02477
C0369_5F_1A,FG02481
C1361_2F_1A,FG02483
C0047_10F_1A,FG02485
C0201_8F_1A,FG02487
C0812_3F_1A,FG02489